Date,,Libellés,N° Fact,Montants,Récupérable,Déductible,T.V.A.
"",,,,,,,
"",,0001 CHARGES GENERALES,,,,,
"",EAU FROIDE,,,,,,
10/02/2014,Facture du 10/12/14 856m3,,,"2731,19","2731,19",,"195,72"
"",Four:  EAU DE PARIS,,,,,,
19/05/2014,Facture du 19/05/14 882m3,,,"2851,94","2851,94",,"205,08"
"",Four:  EAU DE PARIS,,,,,,
11/08/2014,Facture du 11/08/14 - 697m3,,,"2255,23","2255,23",,"162,15"
"",Four:  EAU DE PARIS,,,,,,
01/12/2014,Facture du 28/11/14 451m3,,,"1461,78","1461,78",,"105,05"
"",Four:  EAU DE PARIS,,,,,,
"",Total compte 60100000 EAU FROIDE,,,"9300,14","9300,14",,"668,00"
"",,,,,,,
"",EDF SERVICES GENERAUX,,,,,,
27/01/2014,Facture du 27/01/14,,,"41,28","41,28",,"5,54"
"",Four:  E.D.F Entreprises,,,,,,
25/03/2014,Facture du 25/03/14,,,"51,11","51,11",,"7,34"
"",Four:  E.D.F Entreprises,,,,,,
25/03/2014,Facture du 25/03/14,,,"92,04","92,04",,"8,30"
"",Four:  E.D.F Entreprises,,,,,,
23/05/2014,Facture du 23/05/14,,,"38,17","38,17",,"5,18"
"",Four:  E.D.F Entreprises,,,,,,
25/07/2014,Facture du 25/07/14,,,"37,10","37,10",,"5,01"
"",Four:  E.D.F Entreprises,,,,,,
23/09/2014,Facture du 23/09/14,,,"86,31","86,31",,"7,34"
"",Four:  E.D.F Entreprises,,,,,,
23/09/2014,Facture du 23/09/14,,,"35,83","35,83",,"4,80"
"",Four:  E.D.F Entreprises,,,,,,
22/11/2014,Facture du 22/11/14,,,"39,13","39,13",,"5,36"
"",Four:  E.D.F Entreprises,,,,,,
"",Total compte 60200000 EDF SERVICES GENERAUX,,,"420,97","420,97",,"48,87"
"",,,,,,,
"",PRODUITS ENTRETIEN,,,,,,
12/03/2014,Fourniture trimestrielle,,,"103,20","103,20",,"17,20"
"",Four:S.A.R.L. T.P.V.S.,,,,,,
12/05/2014,Achat ampoules 2013,,,"364,80","364,80",,"60,80"
"",Four:S.A.R.L. T.P.V.S.,,,,,,
12/06/2014,Entretien trimestrielle,,,"103,19","103,19",,"17,20"
"",Four:S.A.R.L. T.P.V.S.,,,,,,
15/09/2014,Fourniture trimestrielle,,,"103,20","103,20",,"17,20"
"",Four:S.A.R.L. T.P.V.S.,,,,,,
11/12/2014,Fourniture trimestrielle,,,"103,20","103,20",,"17,20"
"",Four:S.A.R.L. T.P.V.S.,,,,,,
"",Total compte 60410000 PRODUITS ENTRETIEN,,,"777,59","777,59",,"129,60"
"",,,,,,,
"",ENTRETIEN IMMEUBLE,,,,,,
12/01/2014,Entretien 01/14,,,"573,48","573,48",,"95,58"
"",Four:S.A.R.L. T.P.V.S.,,,,,,
12/02/2014,Entretien 02/14,,,"573,48","573,48",,"95,58"
"",Four:S.A.R.L. T.P.V.S.,,,,,,
12/03/2014,Entretien 03/14,,,"573,48","573,48",,"95,58"
"",Four:S.A.R.L. T.P.V.S.,,,,,,
12/04/2014,Entretien 04/14,,,"587,81","587,81",,"97,97"
"",Four:S.A.R.L. T.P.V.S.,,,,,,
12/05/2014,Entretien 05/14,,,"587,81","587,81",,"97,97"
"",Four:S.A.R.L. T.P.V.S.,,,,,,
12/06/2014,Entretien 06/14,,,"587,81","587,81",,"97,97"
"",Four:S.A.R.L. T.P.V.S.,,,,,,
12/07/2014,Entretien 07/14,,,"587,81","587,81",,"97,97"
"",Four:S.A.R.L. T.P.V.S.,,,,,,
12/08/2014,Entretien 08/14,,,"587,80","587,80",,"97,97"
"",Four:S.A.R.L. T.P.V.S.,,,,,,
15/09/2014,Entretien 09/14,,,"587,81","587,81",,"97,97"
"",Four:S.A.R.L. T.P.V.S.,,,,,,
10/10/2014,Entretien 10/14,,,"587,80","587,80",,"97,97"
"",Four:S.A.R.L. T.P.V.S.,,,,,,
10/11/2014,Entretien 11/14,,,"587,80","587,80",,"97,97"
"",Four:S.A.R.L. T.P.V.S.,,,,,,
11/12/2014,Entretien 12/14,,,"587,81","587,81",,"97,97"
"",Four:S.A.R.L. T.P.V.S.,,,,,,
"",Total compte 61100000 ENTRETIEN IMMEUBLE,,,"7010,70","7010,70",,"1168,47"
"",,,,,,,
"",CONTRAT EXTINCTEURS,,,,,,
18/02/2014,Entretien et vérif. extincteur,,,"53,98",,"53,98","9,00"
"",Four:Société SICLI,,,,,,
22/04/2014,Entretien extincteur,,,"174,30",,"174,30","29,05"
"",Four:Société SICLI,,,,,,
"",Total compte 61400001 CONTRAT EXTINCTEURS,,,"228,28",,"228,28","38,05"
"",,,,,,,
"",DESOURISATION,,,,,,
28/10/2014,Entretien désourisation,,,"318,00","318,00",,"53,00"
"",Four:S.A.S. ADD SOUBRE PLAINE,,,,,,
"",Total compte 61510002 DESOURISATION,,,"318,00","318,00",,"53,00"
Date,Libellés,N° Fact,Montants,Récupérable,Déductible,T.V.A.
"",,,,,,
"",0001 CHARGES GENERALES,,,,,
"",,,,,,
"",PETITS TRVX D'ELECTRICITE,,,,,
14/02/2014,Changement code sur platine,,"134,20","134,20",,"12,20"
"",Four:S.A.R.L. SERRURERIE VICTOR MASSE,,,,,
17/04/2014,Remplac. bouton de commande défectueux,,"288,86","288,86",,"26,26"
"",Four:S.A.R.L. ECOMELEC,,,,,
19/06/2014,Remplac. batterie systeème vigik,,"207,94","207,94",,"18,90"
"",Four:S.A.R.L. ECOMELEC,,,,,
"",Total compte 61510005 PETITS TRVX D'ELECTRICITE,,"631,00","631,00",,"57,36"
"",,,,,,
"",PETITS TRVX DE PLOMBERIE,,,,,
21/07/2014,Recherche fuite sinistrant app. FALL,,"249,51","249,51",,"28,40"
"",Four:Société CPL BATIMENT,,,,,
31/07/2014,Réparation fuite sur colonne montante,,"172,19","172,19",,"19,60"
"",Four:Société CPL BATIMENT,,,,,
"",Total compte 61510007 PETITS TRVX DE PLOMBERIE,,"421,70","421,70",,"48,00"
"",,,,,,
"",PETITS TRVX DE SERRURERIE,,,,,
29/09/2014,Intervention s/porte local ste entretien,,"150,70","150,70",,"13,70"
"",Four:S.A.R.L. SERRURERIE VICTOR MASSE,,,,,
"",Total compte 61510008 PETITS TRVX DE SERRURERIE,,"150,70","150,70",,"13,70"
"",,,,,,
"",TRAVAUX IMPORTANTS,,,,,
17/03/2014,SVM Fourniture et pose platine digicode,,"1234,20",,"1234,20","112,20"
07/07/2014,Remplacement tuyau descente,,"1580,60",,"1580,60","213,10"
"",Four:Société CPL BATIMENT,,,,,
"",Total compte 61520000 TRAVAUX IMPORTANTS,,"2814,80",,"2814,80","325,30"
"",,,,,,
"",ASSURANCES,,,,,
29/07/2014,Prime assurance 01/08/14 au 31/07/15,,"8117,32",,"8117,32",
"",Four:Monsieur JARDIN ARNAUD,,,,,
"",Total compte 61610000 ASSURANCES,,"8117,32",,"8117,32",
"",,,,,,
"",HONORAIRES SYNDIC,,,,,
01/01/2014,HONORAIRES DE SYNDIC,00004075,"2073,75",,"2073,75","345,63"
01/04/2014,HONORAIRES DE SYNDIC,00004219,"2073,75",,"2073,75","345,63"
01/07/2014,HONORAIRES DE SYNDIC,00004441,"3596,25",,"3596,25","599,38"
01/10/2014,HONORAIRES DE SYNDIC,00004568,"3596,25",,"3596,25","599,38"
"",Total compte 62110000 HONORAIRES SYNDIC,,"11340,00",,"11340,00","1890,02"
"",,,,,,
"",ENVOI CONVOCATION & P.V.,,,,,
18/04/2014,Envoi convocation AGO 12/05/14,,"272,84",,"272,84",
"",Four:Cabinet PAGESTI NON TAXABLES,,,,,
13/05/2014,Frais envoi PV AGO 12/03/14,,"200,28",,"200,28",
"",Four:Cabinet PAGESTI NON TAXABLES,,,,,
"",Total compte 62260000 ENVOI CONVOCATION & P.V.,,"473,12",,"473,12",
"",,,,,,
"",VACATION ASSEMBLEE GLE,,,,,
12/05/2014,Frais vacation AGO 12/05/14,,"660,00",,"660,00","110,00"
"",Four:Cabinet PAGESTI FRAIS TAXABLES,,,,,
"",Total compte 62260005 VACATION ASSEMBLEE GLE,,"660,00",,"660,00","110,00"
"",,,,,,
"",HONORAIRES EXPERT,,,,,
22/12/2014,DEP diagnostic amiante,,"564,00",,"564,00","94,00"
"",Four:S.A. D.E.P. DIAGNOSTIC,,,,,
"",Total compte 62310000 HONORAIRES EXPERT,,"564,00",,"564,00","94,00"
"",,,,,,
"",TAXE DE BALAYAGE,,,,,
31/12/2014,Taxe Balayage 2014,,"942,00","942,00",,
"",Total compte 63210000 TAXE DE BALAYAGE,,"942,00","942,00",,
"",,,,,,
"",REMBOURSEMENT ASSURANCE,,,,,
28/08/2014,AXA rembt sinistre DDE,,"2542,13CR",,,
04/11/2014,Allianz franch.sinistre LECLERC,,"1500,00",,,
05/11/2014,Khlaifa réfection peinture cage escalier,,"3177,66",,,
25/11/2014,AXA - Solde sinistre pties com,,"635,53CR",,,
"",Total compte 71310002 REMBOURSEMENT ASSURANCE,,"1500,00",,,
"",,,,,,
"",,,,,,
"",Total clé  0001 CHARGES GENERALES,,"45670,32","19972,80","24197,52","4644,37"
"",0009 VENTILATION MECANIQUE BAT B,,,
"",CONTRAT VMC,,,
07/04/2014,Contrat maintenance VMC,"317,99","317,99","28,91"
"",Four:S.A.R.L. ECOMELEC,,,
"",Total compte 61420030 CONTRAT VMC,"317,99","317,99","28,91"
Date,Libellés,N° Fact,Montants,Récupérable,Déductible,T.V.A.
"",,,,,,
"",0009 VENTILATION MECANIQUE BAT B,,,,,
"",Total clé  0009 VENTILATION MECANIQUE BAT B,,"317,99","317,99",,"28,91"
"",0100 CHARGES BATIMENT A,,,,
"",EDF SERVICES GENERAUX,,,,
27/01/2014,Facture du 27/01/14,"96,30","96,30",,"12,92"
"",Four:  E.D.F Entreprises,,,,
25/03/2014,Facture du 25/03/14,"119,25","119,25",,"17,13"
"",Four:  E.D.F Entreprises,,,,
23/05/2014,Facture du 23/05/14,"89,07","89,07",,"12,10"
"",Four:  E.D.F Entreprises,,,,
25/07/2014,Facture du 25/07/14,"86,55","86,55",,"11,67"
"",Four:  E.D.F Entreprises,,,,
23/09/2014,Facture du 23/09/14,"83,60","83,60",,"11,19"
"",Four:  E.D.F Entreprises,,,,
22/11/2014,Facture du 22/11/14,"91,30","91,30",,"12,51"
"",Four:  E.D.F Entreprises,,,,
"",Total compte 60210000 EDF SERVICES GENERAUX,"566,07","566,07",,"77,52"
"",,,,,
"",CONTRAT EXTINCTEURS,,,,
17/01/2014,Entretien extincteurs,"311,29",,"311,29","51,88"
"",Four:Société SICLI,,,,
02/12/2014,Entretien extincteur,"84,24",,"84,24","14,04"
"",Four:S.A. sicli,,,,
"",Total compte 61410001 CONTRAT EXTINCTEURS,"395,53",,"395,53","65,92"
"",,,,,
"",PETITS TRVX DE COUVERTURE,,,,
21/07/2014,Balayage et nettoyage de la gouttière,"450,47","450,47",,"51,47"
"",Four:Société CPL BATIMENT,,,,
"",Total compte 61500004 PETITS TRVX DE COUVERTURE,"450,47","450,47",,"51,47"
"",,,,,
"",,,,,
"",Total clé  0100 CHARGES BATIMENT A,"1412,07","1016,54","395,53","194,91"
"",0111 CHARGES SPECIALES BAT A/ESC B,
"",REMBOURSEMENT ASSURANCE,
05/11/2014,Khlaifa réfection peinture cage escalier,"3177,66"
"",Four:Entreprise KHLAIFA,
05/11/2014,Khlaifa réfection peinture cage escalier,"3177,66CR"
"",Total compte 71310001 REMBOURSEMENT ASSURANCE,
"",,
"",,
"",Total clé  0111 CHARGES SPECIALES BAT A/ESC B,
"",0120 CHARGES ASCENSEUR BAT. A,,,,
"",ENTRET.COMPLET ASCENSEUR,,,,
02/01/2014,Entretien 1er trimestre 14,"544,51","397,49",,"49,50"
"",Four:S.A.R.L. A.D.S,,,,
01/04/2014,Entretien 2ème trimestre 14,"544,51","397,49",,"49,50"
"",Four:S.A.R.L. A.D.S,,,,
01/07/2014,Entretien 3ème trimestre 14,"544,51","397,49",,"49,50"
"",Four:S.A.R.L. A.D.S,,,,
01/10/2014,Entretien 4ème trimestre 14,"544,51","397,49",,"49,50"
"",Four:S.A.R.L. A.D.S,,,,
"",Total compte 61422001 ENTRET.COMPLET ASCENSEUR,"2178,04","1589,96",,"198,00"
"",,,,,
"",TELE-ALARME 01.42.00.62.15,,,,
04/02/2014,Facture du 04/02/14,"45,32",,"45,32","7,55"
"",Four:  ORANGE,,,,
02/04/2014,Facture du 02/04/14,"45,34",,"45,34","7,56"
"",Four:  ORANGE,,,,
03/06/2014,Facture du 03/06/14,"45,48",,"45,48","7,58"
"",Four:  ORANGE,,,,
04/08/2014,Facture du 04/08/14,"45,19",,"45,19","7,53"
"",Four:  ORANGE,,,,
02/10/2014,Facture du 02/10/14,"45,32",,"45,32","7,55"
"",Four:  ORANGE,,,,
02/12/2014,Facture du 02/12/14,"45,48",,"45,48","7,58"
"",Four:  ORANGE,,,,
"",Total compte 61422002 TELE-ALARME 01.42.00.62.15,"272,13",,"272,13","45,35"
Date,Libellés,N° Fact,Montants,Récupérable,Déductible,T.V.A.
"",,,,,,
"",0120 CHARGES ASCENSEUR BAT. A,,,,,
"",Total clé  0120 CHARGES ASCENSEUR BAT. A,,"2450,17","1589,96","272,13","243,35"
"",0200 CHARGES BATIMENT B,,,,
"",EDF SERVICES GENERAUX,,,,
27/01/2014,Facture du 27/01/14,"194,83","194,83",,"28,23"
"",Four:  E.D.F Entreprises,,,,
25/03/2014,Facture du 25/03/14,"166,30","166,30",,"23,99"
"",Four:  E.D.F Entreprises,,,,
23/05/2014,Facture du 23/05/14,"168,40","168,40",,"24,34"
"",Four:  E.D.F Entreprises,,,,
25/07/2014,Facture du 25/07/14,"163,28","163,28",,"23,49"
"",Four:  E.D.F Entreprises,,,,
23/09/2014,Facture du 23/09/14,"154,31","154,31",,"22,00"
"",Four:  E.D.F Entreprises,,,,
22/11/2014,Facture du 22/11/14,"166,55","166,55",,"24,08"
"",Four:  E.D.F Entreprises,,,,
"",Total compte 60220000 EDF SERVICES GENERAUX,"1013,67","1013,67",,"146,13"
"",,,,,
"",DEPENSES DIVERSES N/REC.,,,,
30/10/2014,SICLI plan d'évacuation,"188,10",,,"31,35"
"",Four:Société SICLI,,,,
"",Total compte 60630010 DEPENSES DIVERSES N/REC.,"188,10",,,"31,35"
"",,,,,
"",ENTRETIEN IMMEUBLE,,,,
12/01/2014,Entretien 01/14,"437,89","437,89",,"72,98"
"",Four:S.A.R.L. T.P.V.S.,,,,
12/02/2014,Entretien 02/14,"437,89","437,89",,"72,98"
"",Four:S.A.R.L. T.P.V.S.,,,,
12/03/2014,Entretien 03/14,"437,89","437,89",,"72,98"
"",Four:S.A.R.L. T.P.V.S.,,,,
12/04/2014,Entretien 04/14,"448,84","448,84",,"74,81"
"",Four:S.A.R.L. T.P.V.S.,,,,
12/05/2014,Entretien 05/14,"448,84","448,84",,"74,81"
"",Four:S.A.R.L. T.P.V.S.,,,,
12/06/2014,Entretien 06/14,"448,84","448,84",,"74,81"
"",Four:S.A.R.L. T.P.V.S.,,,,
12/07/2014,Entretien 07/14,"448,84","448,84",,"74,81"
"",Four:S.A.R.L. T.P.V.S.,,,,
12/08/2014,Entretien 08/14,"448,84","448,84",,"74,81"
"",Four:S.A.R.L. T.P.V.S.,,,,
15/09/2014,Entretien 09/14,"448,84","448,84",,"74,81"
"",Four:S.A.R.L. T.P.V.S.,,,,
10/10/2014,Entretien 10/14,"448,84","448,84",,"74,81"
"",Four:S.A.R.L. T.P.V.S.,,,,
10/11/2014,Entretien 11/14,"448,84","448,84",,"74,81"
"",Four:S.A.R.L. T.P.V.S.,,,,
11/12/2014,Entretien 12/14,"448,84","448,84",,"74,81"
"",Four:S.A.R.L. T.P.V.S.,,,,
"",Total compte 61120000 ENTRETIEN IMMEUBLE,"5353,23","5353,23",,"892,23"
"",,,,,
"",PETITS TRVX DE COUVERTURE,,,,
11/06/2014,Balayage et nettoyage des gouttières,"461,76","461,76",,"52,76"
"",Four:Société CPL BATIMENT,,,,
"",Total compte 61500003 PETITS TRVX DE COUVERTURE,"461,76","461,76",,"52,76"
"",,,,,
"",PETITS TRVX D'ELECTRICITE N/R,,,,
23/05/2014,Remise en état du câblage codé,"326,92",,"326,92","29,72"
"",Four:S.A.R.L. ECOMELEC,,,,
"",Total compte 61510011 PETITS TRVX D'ELECTRICITE N/R,"326,92",,"326,92","29,72"
"",,,,,
"",TRAVAUX IMPORTANTS,,,,
06/02/2014,Remplac. minuterie et reprise du câblage,"392,15",,,"35,65"
"",Four:Syndicat BAILLY,,,,
"",Total compte 61520003 TRAVAUX IMPORTANTS,"392,15",,,"35,65"
"",,,,,
"",,,,,
"",Total clé  0200 CHARGES BATIMENT B,"7735,83","6828,66","326,92","1187,84"
"",0220 CHARGES ASCENSEUR BAT. B,,,
"",ENTRET.COMPLET ASCENSEUR,,,
02/01/2014,Entretien 1er trimestre 14,"639,18","466,60","58,11"
"",Four:S.A.R.L. A.D.S,,,
01/04/2014,Entretien 2ème trimestre 14,"639,18","466,60","58,11"
"",Four:S.A.R.L. A.D.S,,,
01/07/2014,Entretien 3ème trimestre 14,"639,18","466,60","58,11"
"",Four:S.A.R.L. A.D.S,,,
Date,Libellés,N° Fact,Montants,Récupérable,Déductible,T.V.A.
"",,,,,,
"",0220 CHARGES ASCENSEUR BAT. B,,,,,
01/10/2014,Entretien 4ème trimestre 14,,"639,18","466,60",,"58,11"
"",Four:S.A.R.L. A.D.S,,,,,
"",Total compte 61422003 ENTRET.COMPLET ASCENSEUR,,"2556,72","1866,40",,"232,44"
"",,,,,,
"",TELE ALARME 01.42.06.95.46,,,,,
18/02/2014,Facture du 18/02/14,,"45,19",,"45,19","7,53"
"",Four:  ORANGE,,,,,
17/04/2014,Facture du 17/04/14,,"45,19",,"45,19","7,53"
"",Four:  ORANGE,,,,,
17/06/2014,Facture du 17/06/14,,"45,19",,"45,19","7,53"
"",Four:  ORANGE,,,,,
19/08/2014,Facture du 19/08/14,,"45,18",,"45,18","7,53"
"",Four:  ORANGE,,,,,
17/10/2014,Facture du 17/10/14,,"45,18",,"45,18","7,53"
"",Four:  ORANGE,,,,,
17/12/2014,Facture du 17/12/14,,"45,61",,"45,61","7,60"
"",Four:  ORANGE,,,,,
"",Total compte 61422004 TELE ALARME 01.42.06.95.46,,"271,54",,"271,54","45,25"
"",,,,,,
"",,,,,,
"",Total clé  0220 CHARGES ASCENSEUR BAT. B,,"2828,26","1866,40","271,54","277,69"
"",0300 CHARGES BATIMENT C,,,,
"",EDF SERVICES GENERAUX,,,,
27/01/2014,Facture du 27/01/14,"10,25","10,25",,"1,48"
"",Four:  E.D.F Entreprises,,,,
25/03/2014,Facture du 25/03/14,"8,75","8,75",,"1,26"
"",Four:  E.D.F Entreprises,,,,
23/05/2014,Facture du 23/05/14,"8,86","8,86",,"1,28"
"",Four:  E.D.F Entreprises,,,,
25/07/2014,Facture du 25/07/14,"8,59","8,59",,"1,24"
"",Four:  E.D.F Entreprises,,,,
23/09/2014,Facture du 23/09/14,"8,12","8,12",,"1,16"
"",Four:  E.D.F Entreprises,,,,
22/11/2014,Facture du 22/11/14,"8,77","8,77",,"1,27"
"",Four:  E.D.F Entreprises,,,,
"",Total compte 60230000 EDF SERVICES GENERAUX,"53,34","53,34",,"7,69"
"",,,,,
"",FOURNITURES DIVERSES REC.,,,,
31/03/2014,Support d'échelle +Verrou,"108,37","108,37",,"18,06"
"",Four:Société SICLI,,,,
"",Total compte 60610301 FOURNITURES DIVERSES REC.,"108,37","108,37",,"18,06"
"",,,,,
"",ENTRETIEN IMMEUBLE,,,,
12/01/2014,Entretien 01/14,"290,07","290,07",,"48,35"
"",Four:S.A.R.L. T.P.V.S.,,,,
12/02/2014,Entretien 02/14,"290,07","290,07",,"48,35"
"",Four:S.A.R.L. T.P.V.S.,,,,
12/03/2014,Entretien 03/14,"290,07","290,07",,"48,35"
"",Four:S.A.R.L. T.P.V.S.,,,,
12/04/2014,Entretien 04/14,"297,30","297,30",,"49,55"
"",Four:S.A.R.L. T.P.V.S.,,,,
12/05/2014,Entretien 05/14,"297,30","297,30",,"49,55"
"",Four:S.A.R.L. T.P.V.S.,,,,
12/06/2014,Entretien 06/14,"297,31","297,31",,"49,55"
"",Four:S.A.R.L. T.P.V.S.,,,,
12/07/2014,Entretien 07/14,"297,31","297,31",,"49,55"
"",Four:S.A.R.L. T.P.V.S.,,,,
12/08/2014,Entretien 08/14,"297,32","297,32",,"49,55"
"",Four:S.A.R.L. T.P.V.S.,,,,
15/09/2014,Entretien 09/14,"297,31","297,31",,"49,55"
"",Four:S.A.R.L. T.P.V.S.,,,,
10/10/2014,Entretien 10/14,"297,32","297,32",,"49,55"
"",Four:S.A.R.L. T.P.V.S.,,,,
10/11/2014,Entretien 11/14,"297,32","297,32",,"49,55"
"",Four:S.A.R.L. T.P.V.S.,,,,
11/12/2014,Entretien 12/14,"297,31","297,31",,"49,55"
"",Four:S.A.R.L. T.P.V.S.,,,,
"",Total compte 61130000 ENTRETIEN IMMEUBLE,"3546,01","3546,01",,"591,00"
"",,,,,
"",CONTRAT EXTINCTEURS,,,,
18/02/2014,Entretien et vérif. extincteur,"144,88",,"144,88","24,15"
"",Four:Société SICLI,,,,
27/03/2014,Mise en place d'une échelle Bât D,"393,61",,"393,61","65,60"
"",Four:Société SICLI,,,,
03/04/2014,Remplacement 3 extincteurs,"437,81",,"437,81","72,97"
"",Four:Société SICLI,,,,
21/05/2014,Entretien extincteurs,"199,92",,"199,92","33,32"
Date,,Libellés,N° Fact,Montants,Récupérable,Déductible,T.V.A.
"",,,,,,,
"",,0300 CHARGES BATIMENT C,,,,,
"",Four:Société SICLI,,,,,,
02/12/2014,Entretien extincteur,,,"97,38",,"97,38","16,23"
"",Four:Société SICLI,,,,,,
"",Total compte 61430001 CONTRAT EXTINCTEURS,,,"1273,60",,"1273,60","212,27"
"",,,,,,,
"",TRAVAUX IMPORTANTS,,,,,,
30/07/2014,Changement spots et applique,,,"428,56",,"428,56","38,96"
"",Four:S.A.R.L. ECOMELEC,,,,,,
"",Total compte 61520002 TRAVAUX IMPORTANTS,,,"428,56",,"428,56","38,96"
"",,,,,,,
"",PETITS TRVX DE SERRURERIE,,,,,,
04/04/2014,Remise en place de la porte semi fixe,,,"112,20","112,20",,"10,20"
"",Four:S.A.R.L. SERRURERIE VICTOR MASSE,,,,,,
"",Total compte 61520300 PETITS TRVX DE SERRURERIE,,,"112,20","112,20",,"10,20"
"",,,,,,,
"",PETITS TRVX D'ELECTRICITE,,,,,,
27/08/2014,Remplacement du bouton poussoir,,,"181,30","181,30",,"16,48"
"",Four:S.A.R.L. ECOMELEC,,,,,,
"",Total compte 61550003 PETITS TRVX D'ELECTRICITE,,,"181,30","181,30",,"16,48"
"",,,,,,,
"",,,,,,,
"",Total clé  0300 CHARGES BATIMENT C,,,"5703,38","4001,22","1702,16","894,66"
"",,0900 FRAIS DE BUREAU,,,,
"",FRAIS DE BUREAU,,,,,
01/01/2014,FRAIS DE BUREAU,,00004074,"487,50","487,50","81,25"
01/01/2014,1ier semestre 2014,,00004507,"975,00CR","975,00CR","162,50CR"
"",Four:Cabinet PAGESTI SAS,,,,,
01/04/2014,FRAIS DE BUREAU,,00004218,"487,50","487,50","81,25"
"",Total compte 62230000 FRAIS DE BUREAU,,,,,
"",,,,,,
"",,,,,,
"",Total clé  0900 FRAIS DE BUREAU,,,,,
TOTAL GENERAL,"66118,02","35593,57","27165,80","7471,73"
Date,Libellés,N° Fact,Montants,Récupérable,Déductible,T.V.A.
"",9999 Charges particulières
BLEURONNE,
Total compte 45002002 BLEURONNE,
"",
BIJU-DUVAL Maur D'jgn Tristan,
Total compte 45002004 BIJU-DUVAL Maur D'jgn Tristan,
"",
DURUFLE Anne,
Total compte 45004005 DURUFLE Anne,
"",
grasset & bouillard,
Total compte 45007004 grasset & bouillard,
"",
HARO Claude,
Total compte 45008001 HARO Claude,
"",
succession huqueleux fabien,
Total compte 45008002 succession huqueleux fabien,
"",
isos,
Total compte 45009001 isos,
"",
leclercq laurent,
Total compte 45012004 leclercq laurent,
"",
rubena,
Total compte 45018003 rubena,
"",
"",
"",Total clé  9999 Charges particulières
